URL	Label	Label	Label	Label	Score
www.thebureauinvestigates.com/*	_cse_i0l4anspnui	mostly-center	center-only
www.nola.com/*	_cse_i0l4anspnui	mostly-center	left-leaning	left-center-only
transparency.org/*	_cse_i0l4anspnui	mostly-center	center-only
bmj.com/*	_cse_i0l4anspnui	pro-science-only
www.populationconnection.org/*	_cse_i0l4anspnui	mostly-center	left-leaning	left-center-only
www.cpj.org/*	_cse_i0l4anspnui	mostly-center	center-only
cfr.org/*	_cse_i0l4anspnui	mostly-center	right-leaning	right-center-only
www.lgbtqnation.com/*	_cse_i0l4anspnui	left-leaning	left-only
www.democratandchronicle.com/*	_cse_i0l4anspnui	mostly-center	left-leaning	left-center-only
commentarymagazine.com/*	_cse_i0l4anspnui	right-leaning	right-only
christianitytoday.com/*	_cse_i0l4anspnui	mostly-center	right-leaning	right-center-only
www.thetruthaboutguns.com/*	_cse_i0l4anspnui	right-leaning	right-only
www.defenseone.com/*	_cse_i0l4anspnui	mostly-center	center-only
autostraddle.com/*	_cse_i0l4anspnui	left-leaning	left-only
www.commonwealthfund.org/*	_cse_i0l4anspnui	mostly-center	left-leaning	left-center-only
www.learnliberty.org/*	_cse_i0l4anspnui	mostly-center	right-leaning	right-center-only
astronomy.com/*	_cse_i0l4anspnui	pro-science-only
theatlantic.com/*	_cse_i0l4anspnui	mostly-center	left-leaning	left-center-only
the-scientist.com/*	_cse_i0l4anspnui	pro-science-only
www.africanews.com/*	_cse_i0l4anspnui	mostly-center	center-only
www.washingtontimes.com/*	_cse_i0l4anspnui	mostly-center	right-leaning	right-center-only
tennessean.com/*	_cse_i0l4anspnui	mostly-center	right-leaning	right-center-only
politico.com/*	_cse_i0l4anspnui	mostly-center	left-leaning	left-center-only
www.thecanary.co/*	_cse_i0l4anspnui	left-leaning	left-only
www.theverge.com/*	_cse_i0l4anspnui	mostly-center	left-leaning	left-center-only
earthsky.org/*	_cse_i0l4anspnui	pro-science-only
www.pennlive.com/*	_cse_i0l4anspnui	mostly-center	left-leaning	left-center-only
www.americanheritage.com/*	_cse_i0l4anspnui	mostly-center	center-only
leadstories.com/*	_cse_i0l4anspnui	mostly-center	center-only
quackwatch.org/*	_cse_i0l4anspnui	pro-science-only
denverpost.com/*	_cse_i0l4anspnui	mostly-center	left-leaning	left-center-only
columbiadailyherald.com/*	_cse_i0l4anspnui	mostly-center	right-leaning	right-center-only
www.theglobeandmail.com/*	_cse_i0l4anspnui	mostly-center	left-leaning	left-center-only
elpasotimes.com/*	_cse_i0l4anspnui	mostly-center	left-leaning	left-center-only
nakedcapitalism.com/*	_cse_i0l4anspnui	mostly-center	right-leaning	right-center-only
www.cctv-america.com/*	_cse_i0l4anspnui	mostly-center	left-leaning	left-center-only
militarytimes.com/*	_cse_i0l4anspnui	mostly-center	right-leaning	right-center-only
www.bettergov.org/*	_cse_i0l4anspnui	mostly-center	center-only
buffalonews.com/*	_cse_i0l4anspnui	mostly-center	left-leaning	left-center-only
upworthy.com/*	_cse_i0l4anspnui	left-leaning	left-only
www.washingtonpost.com/*	_cse_i0l4anspnui	mostly-center	left-leaning	left-center-only
www.truthdig.com/*	_cse_i0l4anspnui	left-leaning	left-only
ynetnews.com/*	_cse_i0l4anspnui	mostly-center	left-leaning	left-center-only
www.mintpressnews.com/*	_cse_i0l4anspnui	mostly-center	left-leaning	left-center-only
congress.gov/*	_cse_i0l4anspnui	mostly-center	center-only
timesofisrael.com/*	_cse_i0l4anspnui	mostly-center	left-leaning	left-center-only
www.taxpolicycenter.org/*	_cse_i0l4anspnui	mostly-center	left-leaning	left-center-only
express.co.uk/*	_cse_i0l4anspnui	right-leaning	right-only
www.news24.com/*	_cse_i0l4anspnui	mostly-center	center-only
weforum.org/*	_cse_i0l4anspnui	mostly-center	center-only
straitstimes.com/*	_cse_i0l4anspnui	mostly-center	right-leaning	right-center-only
glamour.com/*	_cse_i0l4anspnui	mostly-center	left-leaning	left-center-only
newbernsj.com/*	_cse_i0l4anspnui	mostly-center	center-only
www.transparency.org/*	_cse_i0l4anspnui	mostly-center	center-only
www.indystar.com/*	_cse_i0l4anspnui	mostly-center	left-leaning	left-center-only
sfgate.com/*	_cse_i0l4anspnui	mostly-center	left-leaning	left-center-only
www.edge.org/*	_cse_i0l4anspnui	pro-science-only
www.riverbender.com/*	_cse_i0l4anspnui	mostly-center	center-only
www.toledoblade.com/*	_cse_i0l4anspnui	mostly-center	right-leaning	right-center-only
pe.com/*	_cse_i0l4anspnui	mostly-center	right-leaning	right-center-only
stltoday.com/*	_cse_i0l4anspnui	mostly-center	left-leaning	left-center-only
chicagotribune.com/*	_cse_i0l4anspnui	mostly-center	left-leaning	left-center-only
afp.com/*	_cse_i0l4anspnui	mostly-center	center-only
vanityfair.com/*	_cse_i0l4anspnui	left-leaning	left-only
illinoispolicy.org/*	_cse_i0l4anspnui	right-leaning	right-only
www.deseretnews.com/*	_cse_i0l4anspnui	mostly-center	right-leaning	right-center-only
www.nextbigfuture.com/*	_cse_i0l4anspnui	pro-science-only
www.realclearpolitics.com/*	_cse_i0l4anspnui	mostly-center	right-leaning	right-center-only
www.investopedia.com/*	_cse_i0l4anspnui	mostly-center	center-only
who.int/*	_cse_i0l4anspnui	pro-science-only
www.seeker.com/*	_cse_i0l4anspnui	pro-science-only
www.quackwatch.org/*	_cse_i0l4anspnui	pro-science-only
www.anthropocenemagazine.org/*	_cse_i0l4anspnui	mostly-center	center-only
chicagoreader.com/*	_cse_i0l4anspnui	left-leaning	left-only
www.stripes.com/*	_cse_i0l4anspnui	mostly-center	center-only
bridgemi.com/*	_cse_i0l4anspnui	mostly-center	center-only
www.detroitnews.com/*	_cse_i0l4anspnui	mostly-center	right-leaning	right-center-only
www.ebar.com/*	_cse_i0l4anspnui	left-leaning	left-only
www.usatoday.com/*	_cse_i0l4anspnui	mostly-center	center-only
www.freep.com/*	_cse_i0l4anspnui	mostly-center	left-leaning	left-center-only
democratandchronicle.com/*	_cse_i0l4anspnui	mostly-center	left-leaning	left-center-only
defenddemocracy.org/*	_cse_i0l4anspnui	right-leaning	right-only
www.nationalmemo.com/*	_cse_i0l4anspnui	left-leaning	left-only
www.capoliticalreview.com/*	_cse_i0l4anspnui	mostly-center	right-leaning	right-center-only
www.buffalonews.com/*	_cse_i0l4anspnui	mostly-center	left-leaning	left-center-only
www.constitutionproject.org/*	_cse_i0l4anspnui	mostly-center	center-only
www.freemedia.at/*	_cse_i0l4anspnui	mostly-center	center-only
www.spokesman.com/*	_cse_i0l4anspnui	mostly-center	right-leaning	right-center-only
www.dutchdailynews.com/*	_cse_i0l4anspnui	mostly-center	left-leaning	left-center-only
www.faithfamilyamerica.com/*	_cse_i0l4anspnui	mostly-center	right-leaning	right-center-only
www.councilforthenationalinterest.org/*	_cse_i0l4anspnui	mostly-center	left-leaning	left-center-only
www.ydr.com/*	_cse_i0l4anspnui	mostly-center	left-leaning	left-center-only
realclimate.org/*	_cse_i0l4anspnui	pro-science-only
www.atlanticmedia.com/*	_cse_i0l4anspnui	mostly-center	left-leaning	left-center-only
www.bmj.com/*	_cse_i0l4anspnui	pro-science-only
aps.org/*	_cse_i0l4anspnui	pro-science-only
www.climaterealityproject.org/*	_cse_i0l4anspnui	left-leaning	left-only
www.cnbc.com/*	_cse_i0l4anspnui	mostly-center	left-leaning	left-center-only
www.adaa.org/*	_cse_i0l4anspnui	pro-science-only
scripps.ucsd.edu/*	_cse_i0l4anspnui	pro-science-only
www.realcleardefense.com/*	_cse_i0l4anspnui	mostly-center	right-leaning	right-center-only
www.bradford-delong.com/*	_cse_i0l4anspnui	left-leaning	left-only
www.worldsocialism.org/*	_cse_i0l4anspnui	left-leaning	left-only
www.nbcnews.com/*	_cse_i0l4anspnui	mostly-center	left-leaning	left-center-only
www.northjersey.com/*	_cse_i0l4anspnui	mostly-center	left-leaning	left-center-only
www.ohio.com/*	_cse_i0l4anspnui	mostly-center	left-leaning	left-center-only
freep.com/*	_cse_i0l4anspnui	mostly-center	left-leaning	left-center-only
www.nber.org/*	_cse_i0l4anspnui	mostly-center	center-only
www.psypost.org/*	_cse_i0l4anspnui	pro-science-only
www.tampabay.com/*	_cse_i0l4anspnui	mostly-center	left-leaning	left-center-only
popularmechanics.com/*	_cse_i0l4anspnui	pro-science-only
city-journal.org/*	_cse_i0l4anspnui	right-leaning	right-only
www.pacificresearch.org/*	_cse_i0l4anspnui	mostly-center	right-leaning	right-center-only
emirates247.com/*	_cse_i0l4anspnui	mostly-center	left-leaning	left-center-only
www.newslookup.com/*	_cse_i0l4anspnui	mostly-center	center-only
rollingstone.com/*	_cse_i0l4anspnui	mostly-center	left-leaning	left-center-only
www.cdc.gov/*	_cse_i0l4anspnui	pro-science-only
spiegel.de/*	_cse_i0l4anspnui	mostly-center	left-leaning	left-center-only
www.house.gov/*	_cse_i0l4anspnui	mostly-center	center-only
www.nationalreview.com/*	_cse_i0l4anspnui	right-leaning	right-only
www.weforum.org/*	_cse_i0l4anspnui	mostly-center	center-only
www.defenddemocracy.org/*	_cse_i0l4anspnui	right-leaning	right-only
www.nature.com/*	_cse_i0l4anspnui	pro-science-only
www.news.com.au/*	_cse_i0l4anspnui	mostly-center	left-leaning	left-center-only
www.consumerreports.org/*	_cse_i0l4anspnui	mostly-center	center-only
www.voanews.com/*	_cse_i0l4anspnui	mostly-center	center-only
www.dailynews.com/*	_cse_i0l4anspnui	mostly-center	right-leaning	right-center-only
www.pgpf.org/*	_cse_i0l4anspnui	mostly-center	center-only
www.reuters.com/*	_cse_i0l4anspnui	mostly-center	center-only
www.ammoland.com/*	_cse_i0l4anspnui	right-leaning	right-only
www.thedailyvox.co.za/*	_cse_i0l4anspnui	left-leaning	left-only
www.dailytarheel.com/*	_cse_i0l4anspnui	mostly-center	left-leaning	left-center-only
www.thejournal.ie/*	_cse_i0l4anspnui	mostly-center	center-only
www.citizen.org/*	_cse_i0l4anspnui	mostly-center	left-leaning	left-center-only
www.post-gazette.com/*	_cse_i0l4anspnui	mostly-center	left-leaning	left-center-only
undark.org/*	_cse_i0l4anspnui	mostly-center	center-only
www.interpretermag.com/*	_cse_i0l4anspnui	mostly-center	left-leaning	left-center-only
www.mayoclinic.org/*	_cse_i0l4anspnui	pro-science-only
rollcall.com/*	_cse_i0l4anspnui	mostly-center	center-only
www.deathandtaxesmag.com/*	_cse_i0l4anspnui	left-leaning	left-only
www.courier-journal.com/*	_cse_i0l4anspnui	mostly-center	left-leaning	left-center-only
www.cfr.org/*	_cse_i0l4anspnui	mostly-center	right-leaning	right-center-only
www.mediafiledc.com/*	_cse_i0l4anspnui	mostly-center	left-leaning	left-center-only
globalintegrity.org/*	_cse_i0l4anspnui	mostly-center	center-only
www.theage.com.au/*	_cse_i0l4anspnui	mostly-center	left-leaning	left-center-only
itv.com/*	_cse_i0l4anspnui	mostly-center	right-leaning	right-center-only
thedailybeast.com/*	_cse_i0l4anspnui	left-leaning	left-only
www.jordantimes.com/*	_cse_i0l4anspnui	mostly-center	center-only
www.icij.org/*	_cse_i0l4anspnui	mostly-center	center-only
www.mercurynews.com/*	_cse_i0l4anspnui	mostly-center	left-leaning	left-center-only
www.howstuffworks.com/*	_cse_i0l4anspnui	pro-science-only
www.healthcarefinancenews.com/*	_cse_i0l4anspnui	mostly-center	center-only
opensecrets.org/*	_cse_i0l4anspnui	mostly-center	center-only
cbsnews.com/*	_cse_i0l4anspnui	mostly-center	left-leaning	left-center-only
stripes.com/*	_cse_i0l4anspnui	mostly-center	center-only
www.leftjustified.com/*	_cse_i0l4anspnui	mostly-center	left-leaning	left-center-only
aaas.org/*	_cse_i0l4anspnui	pro-science-only
noozhawk.com/*	_cse_i0l4anspnui	mostly-center	center-only
weeklystandard.com/*	_cse_i0l4anspnui	right-leaning	right-only
www.opendemocracy.net/*	_cse_i0l4anspnui	mostly-center	left-leaning	left-center-only
www.sfgate.com/*	_cse_i0l4anspnui	mostly-center	left-leaning	left-center-only
insidehighered.com/*	_cse_i0l4anspnui	mostly-center	left-leaning	left-center-only
www.adn.com/*	_cse_i0l4anspnui	mostly-center	left-leaning	left-center-only
www.jewishpress.com/*	_cse_i0l4anspnui	mostly-center	right-leaning	right-center-only
www.atlanticcouncil.org/*	_cse_i0l4anspnui	mostly-center	center-only
www.insidephilanthropy.com/*	_cse_i0l4anspnui	mostly-center	left-leaning	left-center-only
www.irishtimes.com/*	_cse_i0l4anspnui	mostly-center	left-leaning	left-center-only
www.glamour.com/*	_cse_i0l4anspnui	mostly-center	left-leaning	left-center-only
www.upi.com/*	_cse_i0l4anspnui	mostly-center	center-only
al.com/*	_cse_i0l4anspnui	mostly-center	right-leaning	right-center-only
www.marketwatch.com/*	_cse_i0l4anspnui	mostly-center	center-only
berkshireeagle.com/*	_cse_i0l4anspnui	mostly-center	left-leaning	left-center-only
www.studentnewsdaily.com/*	_cse_i0l4anspnui	mostly-center	right-leaning	right-center-only
www.adl.org/*	_cse_i0l4anspnui	mostly-center	left-leaning	left-center-only
resourcegovernance.org/*	_cse_i0l4anspnui	mostly-center	left-leaning	left-center-only
medscape.com/*	_cse_i0l4anspnui	pro-science-only
howstuffworks.com/*	_cse_i0l4anspnui	pro-science-only
prospectmagazine.co.uk/*	_cse_i0l4anspnui	mostly-center	left-leaning	left-center-only
newscientist.com/*	_cse_i0l4anspnui	pro-science-only
www.hollywoodreporter.com/*	_cse_i0l4anspnui	mostly-center	left-leaning	left-center-only
www.rasmussenreports.com/*	_cse_i0l4anspnui	mostly-center	right-leaning	right-center-only
www.jta.org/*	_cse_i0l4anspnui	mostly-center	center-only
plos.org/*	_cse_i0l4anspnui	pro-science-only
www.followthemoney.org/*	_cse_i0l4anspnui	mostly-center	center-only
www.cincinnati.com/*	_cse_i0l4anspnui	mostly-center	right-leaning	right-center-only
followthemoney.org/*	_cse_i0l4anspnui	mostly-center	center-only
www.ocregister.com/*	_cse_i0l4anspnui	mostly-center	right-leaning	right-center-only
tomdispatch.com/*	_cse_i0l4anspnui	mostly-center	left-leaning	left-center-only
arkansasonline.com/*	_cse_i0l4anspnui	mostly-center	right-leaning	right-center-only
www.berkshireeagle.com/*	_cse_i0l4anspnui	mostly-center	left-leaning	left-center-only
nj.com/*	_cse_i0l4anspnui	mostly-center	left-leaning	left-center-only
thejakartapost.com/*	_cse_i0l4anspnui	mostly-center	center-only
www.politicususa.com/*	_cse_i0l4anspnui	left-leaning	left-only
realclearpolicy.com/*	_cse_i0l4anspnui	mostly-center	right-leaning	right-center-only
www.calgarysun.com/*	_cse_i0l4anspnui	mostly-center	right-leaning	right-center-only
daltondailycitizen.com/*	_cse_i0l4anspnui	mostly-center	right-leaning	right-center-only
www.fresnobee.com/*	_cse_i0l4anspnui	mostly-center	left-leaning	left-center-only
slate.com/*	_cse_i0l4anspnui	left-leaning	left-only
www.crisisgroup.org/*	_cse_i0l4anspnui	mostly-center	left-leaning	left-center-only
wsj.com/*	_cse_i0l4anspnui	mostly-center	right-leaning	right-center-only
www.ynetnews.com/*	_cse_i0l4anspnui	mostly-center	left-leaning	left-center-only
www.democracy21.org/*	_cse_i0l4anspnui	mostly-center	left-leaning	left-center-only
www.cleveland.com/*	_cse_i0l4anspnui	mostly-center	left-leaning	left-center-only
www.manilatimes.net/*	_cse_i0l4anspnui	mostly-center	right-leaning	right-center-only
inquirer.net/*	_cse_i0l4anspnui	mostly-center	left-leaning	left-center-only
nih.gov/*	_cse_i0l4anspnui	pro-science-only
www.swedishwire.com/*	_cse_i0l4anspnui	mostly-center	center-only
www.pressprogress.ca/*	_cse_i0l4anspnui	left-leaning	left-only
ohio.com/*	_cse_i0l4anspnui	mostly-center	left-leaning	left-center-only
www.chicagoreader.com/*	_cse_i0l4anspnui	left-leaning	left-only
www.cjr.org/*	_cse_i0l4anspnui	mostly-center	left-leaning	left-center-only
www.wnyc.org/*	_cse_i0l4anspnui	mostly-center	left-leaning	left-center-only
www.chinadaily.com.cn/*	_cse_i0l4anspnui	mostly-center	center-only
theglobeandmail.com/*	_cse_i0l4anspnui	mostly-center	left-leaning	left-center-only
newstatesman.com/*	_cse_i0l4anspnui	left-leaning	left-only
www.uft.org/*	_cse_i0l4anspnui	mostly-center	left-leaning	left-center-only
jacobinmag.com/*	_cse_i0l4anspnui	left-leaning	left-only
cbo.gov/*	_cse_i0l4anspnui	mostly-center	center-only
www.msmagazine.com/*	_cse_i0l4anspnui	left-leaning	left-only
ire.org/*	_cse_i0l4anspnui	mostly-center	center-only
ncbi.nlm.nih.gov/*	_cse_i0l4anspnui	pro-science-only
www.lohud.com/*	_cse_i0l4anspnui	mostly-center	left-leaning	left-center-only
www.scicentral.com/*	_cse_i0l4anspnui	pro-science-only
www.statesmanjournal.com/*	_cse_i0l4anspnui	mostly-center	right-leaning	right-center-only
www.webmd.com/*	_cse_i0l4anspnui	pro-science-only
nber.org/*	_cse_i0l4anspnui	mostly-center	center-only
votevets.org/*	_cse_i0l4anspnui	mostly-center	left-leaning	left-center-only
www.delawareonline.com/*	_cse_i0l4anspnui	mostly-center	left-leaning	left-center-only
www.airspacemag.com/*	_cse_i0l4anspnui	pro-science-only
www.soas.ac.uk/*	_cse_i0l4anspnui	mostly-center	center-only
www.dailyclimate.org/*	_cse_i0l4anspnui	mostly-center	left-leaning	left-center-only
newsy.com/*	_cse_i0l4anspnui	mostly-center	left-leaning	left-center-only
www.taipeitimes.com/*	_cse_i0l4anspnui	mostly-center	center-only
www.worldpolicy.org/*	_cse_i0l4anspnui	mostly-center	left-leaning	left-center-only
www.autostraddle.com/*	_cse_i0l4anspnui	left-leaning	left-only
www.nationalnewswatch.com/*	_cse_i0l4anspnui	mostly-center	left-leaning	left-center-only
www.hoax-slayer.com/*	_cse_i0l4anspnui	mostly-center	center-only
www.scientificamerican.com/*	_cse_i0l4anspnui	pro-science-only
www.staradvertiser.com/*	_cse_i0l4anspnui	mostly-center	left-leaning	left-center-only
www.manhattan-institute.org/*	_cse_i0l4anspnui	mostly-center	right-leaning	right-center-only
www.quantamagazine.org/*	_cse_i0l4anspnui	pro-science-only
staradvertiser.com/*	_cse_i0l4anspnui	mostly-center	left-leaning	left-center-only
kansas.com/*	_cse_i0l4anspnui	mostly-center	right-leaning	right-center-only
dailyclimate.org/*	_cse_i0l4anspnui	mostly-center	left-leaning	left-center-only
bbc.com/*	_cse_i0l4anspnui	mostly-center	left-leaning	left-center-only
www.agerpres.ro/*	_cse_i0l4anspnui	mostly-center	center-only
newsweek.com/*	_cse_i0l4anspnui	mostly-center	left-leaning	left-center-only
www.kansas.com/*	_cse_i0l4anspnui	mostly-center	right-leaning	right-center-only
www.cjnews.com/*	_cse_i0l4anspnui	mostly-center	right-leaning	right-center-only
www.newstatesman.com/*	_cse_i0l4anspnui	left-leaning	left-only
www.publicpolicypolling.com/*	_cse_i0l4anspnui	mostly-center	center-only
www.mackinac.org/*	_cse_i0l4anspnui	mostly-center	right-leaning	right-center-only
powerlineblog.com/*	_cse_i0l4anspnui	right-leaning	right-only
www.standard.net/*	_cse_i0l4anspnui	mostly-center	center-only
wikipedia.org/*	_cse_i0l4anspnui	mostly-center	center-only
www.unionleader.com/*	_cse_i0l4anspnui	right-leaning	right-only
www.csis.org/*	_cse_i0l4anspnui	mostly-center	center-only
www.tbo.com/*	_cse_i0l4anspnui	mostly-center	right-leaning	right-center-only
www.afpc.org/*	_cse_i0l4anspnui	mostly-center	right-leaning	right-center-only
www.theautomaticearth.com/*	_cse_i0l4anspnui	mostly-center	left-leaning	left-center-only
aap.org/*	_cse_i0l4anspnui	pro-science-only
www.desmogblog.com/*	_cse_i0l4anspnui	left-leaning	left-only
ajc.com/*	_cse_i0l4anspnui	mostly-center	left-leaning	left-center-only
technologyreview.com/*	_cse_i0l4anspnui	pro-science-only
financialpost.com/*	_cse_i0l4anspnui	mostly-center	right-leaning	right-center-only
newslookup.com/*	_cse_i0l4anspnui	mostly-center	center-only
www.revealnews.org/*	_cse_i0l4anspnui	mostly-center	left-leaning	left-center-only
www.baltimoresun.com/*	_cse_i0l4anspnui	mostly-center	left-leaning	left-center-only
www.forwardprogressives.com/*	_cse_i0l4anspnui	left-leaning	left-only
www.sayfiereview.com/*	_cse_i0l4anspnui	mostly-center	center-only
blacklivesmatter.com/*	_cse_i0l4anspnui	left-leaning	left-only
mcclatchydc.com/*	_cse_i0l4anspnui	mostly-center	center-only
www.greenvillegazette.com/*	_cse_i0l4anspnui	left-leaning	left-only
www.msn.com/*	_cse_i0l4anspnui	mostly-center	left-leaning	left-center-only
au.org/*	_cse_i0l4anspnui	left-leaning	left-only
www.castanet.net/*	_cse_i0l4anspnui	mostly-center	center-only
courant.com/*	_cse_i0l4anspnui	mostly-center	left-leaning	left-center-only
esquire.com/*	_cse_i0l4anspnui	left-leaning	left-only
www.seattletimes.com/*	_cse_i0l4anspnui	mostly-center	left-leaning	left-center-only
www.afr.com/*	_cse_i0l4anspnui	mostly-center	center-only
emptywheel.net/*	_cse_i0l4anspnui	mostly-center	left-leaning	left-center-only
www.abc.net.au/*	_cse_i0l4anspnui	mostly-center	center-only
www.centerforinquiry.net/*	_cse_i0l4anspnui	mostly-center	center-only
www.nationalgeographic.com/*	_cse_i0l4anspnui	pro-science-only
euronews.com/*	_cse_i0l4anspnui	mostly-center	center-only
popsci.com/*	_cse_i0l4anspnui	pro-science-only
www.businessinsider.com/*	_cse_i0l4anspnui	mostly-center	left-leaning	left-center-only
www.texasstandard.org/*	_cse_i0l4anspnui	mostly-center	center-only
www.fpri.org/*	_cse_i0l4anspnui	mostly-center	right-leaning	right-center-only
www.orlandosentinel.com/*	_cse_i0l4anspnui	mostly-center	right-leaning	right-center-only
thejournal.ie/*	_cse_i0l4anspnui	mostly-center	center-only
www.aol.com/*	_cse_i0l4anspnui	mostly-center	left-leaning	left-center-only
engadget.com/*	_cse_i0l4anspnui	mostly-center	left-leaning	left-center-only
www.thetrace.org/*	_cse_i0l4anspnui	mostly-center	left-leaning	left-center-only
www.pfaw.org/*	_cse_i0l4anspnui	left-leaning	left-only
www.dcreport.org/*	_cse_i0l4anspnui	mostly-center	left-leaning	left-center-only
www.afp.com/*	_cse_i0l4anspnui	mostly-center	center-only
www.currentaffairs.org/*	_cse_i0l4anspnui	left-leaning	left-only
adaa.org/*	_cse_i0l4anspnui	pro-science-only
www.wearethemighty.com/*	_cse_i0l4anspnui	mostly-center	center-only
democracynow.org/*	_cse_i0l4anspnui	left-leaning	left-only
nbcnews.com/*	_cse_i0l4anspnui	mostly-center	left-leaning	left-center-only
www.theamericanconservative.com/*	_cse_i0l4anspnui	mostly-center	right-leaning	right-center-only
statnews.com/*	_cse_i0l4anspnui	mostly-center	center-only
www.kmov.com/*	_cse_i0l4anspnui	mostly-center	left-leaning	left-center-only
www.helsinkitimes.fi/*	_cse_i0l4anspnui	mostly-center	left-leaning	left-center-only
www.necn.com/*	_cse_i0l4anspnui	mostly-center	left-leaning	left-center-only
opendemocracy.net/*	_cse_i0l4anspnui	mostly-center	left-leaning	left-center-only
www.nextgov.com/*	_cse_i0l4anspnui	mostly-center	center-only
www.rescue.org/*	_cse_i0l4anspnui	mostly-center	center-only
www.au.org/*	_cse_i0l4anspnui	left-leaning	left-only
www.mediaite.com/*	_cse_i0l4anspnui	left-leaning	left-only
www.statesman.com/*	_cse_i0l4anspnui	mostly-center	left-leaning	left-center-only
www.good.is/*	_cse_i0l4anspnui	left-leaning	left-only
commondreams.org/*	_cse_i0l4anspnui	left-leaning	left-only
www.pbs.org/*	_cse_i0l4anspnui	mostly-center	left-leaning	left-center-only
www.vulture.com/*	_cse_i0l4anspnui	mostly-center	left-leaning	left-center-only
www.elpasotimes.com/*	_cse_i0l4anspnui	mostly-center	left-leaning	left-center-only
www.nasa.gov/*	_cse_i0l4anspnui	pro-science-only
www.nrdc.org/*	_cse_i0l4anspnui	mostly-center	left-leaning	left-center-only
www.texastribune.org/*	_cse_i0l4anspnui	mostly-center	center-only
www.thedailybeast.com/*	_cse_i0l4anspnui	left-leaning	left-only
jta.org/*	_cse_i0l4anspnui	mostly-center	center-only
news.cn/*	_cse_i0l4anspnui	mostly-center	center-only
journals.sagepub.com/*	_cse_i0l4anspnui	pro-science-only
www.emptywheel.net/*	_cse_i0l4anspnui	mostly-center	left-leaning	left-center-only
nextbigfuture.com/*	_cse_i0l4anspnui	pro-science-only
www.rollcall.com/*	_cse_i0l4anspnui	mostly-center	center-only
prwatch.org/*	_cse_i0l4anspnui	left-leaning	left-only
www.taxpayer.com/*	_cse_i0l4anspnui	mostly-center	right-leaning	right-center-only
newsday.com/*	_cse_i0l4anspnui	mostly-center	left-leaning	left-center-only
israelnationalnews.com/*	_cse_i0l4anspnui	mostly-center	right-leaning	right-center-only
mediaite.com/*	_cse_i0l4anspnui	left-leaning	left-only
www.lavendermagazine.com/*	_cse_i0l4anspnui	left-leaning	left-only
voanews.com/*	_cse_i0l4anspnui	mostly-center	center-only
bangkokpost.com/*	_cse_i0l4anspnui	mostly-center	center-only
www.al-monitor.com/*	_cse_i0l4anspnui	mostly-center	left-leaning	left-center-only
www.inquirer.net/*	_cse_i0l4anspnui	mostly-center	left-leaning	left-center-only
www.technologyreview.com/*	_cse_i0l4anspnui	pro-science-only
www.liveleak.com/*	_cse_i0l4anspnui	mostly-center	left-leaning	left-center-only
iea.org/*	_cse_i0l4anspnui	mostly-center	center-only
www.astronomy.com/*	_cse_i0l4anspnui	pro-science-only
www.the-american-interest.com/*	_cse_i0l4anspnui	mostly-center	right-leaning	right-center-only
propublica.org/*	_cse_i0l4anspnui	mostly-center	left-leaning	left-center-only
spectator.co.uk/*	_cse_i0l4anspnui	mostly-center	right-leaning	right-center-only
www.srnnews.com/*	_cse_i0l4anspnui	mostly-center	right-leaning	right-center-only
heterodoxacademy.org/*	_cse_i0l4anspnui	mostly-center	right-leaning	right-center-only
fresnobee.com/*	_cse_i0l4anspnui	mostly-center	left-leaning	left-center-only
www.mysanantonio.com/*	_cse_i0l4anspnui	mostly-center	left-leaning	left-center-only
www.prwatch.org/*	_cse_i0l4anspnui	left-leaning	left-only
www.countercurrents.org/*	_cse_i0l4anspnui	left-leaning	left-only
www.resourcegovernance.org/*	_cse_i0l4anspnui	mostly-center	left-leaning	left-center-only
cnet.com/*	_cse_i0l4anspnui	pro-science-only
lawfareblog.com/*	_cse_i0l4anspnui	mostly-center	left-leaning	left-center-only
skeptic.com/*	_cse_i0l4anspnui	pro-science-only
www.nationalobserver.com/*	_cse_i0l4anspnui	mostly-center	left-leaning	left-center-only
pilotonline.com/*	_cse_i0l4anspnui	mostly-center	left-leaning	left-center-only
upi.com/*	_cse_i0l4anspnui	mostly-center	center-only
samefacts.com/*	_cse_i0l4anspnui	left-leaning	left-only
www.commdiginews.com/*	_cse_i0l4anspnui	mostly-center	right-leaning	right-center-only
www.greentechmedia.com/*	_cse_i0l4anspnui	mostly-center	left-leaning	left-center-only
www.nationinstitute.org/*	_cse_i0l4anspnui	mostly-center	left-leaning	left-center-only
www.theatlantic.com/*	_cse_i0l4anspnui	mostly-center	left-leaning	left-center-only
chinapost.com.tw/*	_cse_i0l4anspnui	mostly-center	center-only
japantoday.com/*	_cse_i0l4anspnui	mostly-center	right-leaning	right-center-only
cosmopolitan.com/*	_cse_i0l4anspnui	left-leaning	left-only
www.tennessean.com/*	_cse_i0l4anspnui	mostly-center	right-leaning	right-center-only
www.teapartypatriots.org/*	_cse_i0l4anspnui	right-leaning	right-only
www.nj.com/*	_cse_i0l4anspnui	mostly-center	left-leaning	left-center-only
www.realclimate.org/*	_cse_i0l4anspnui	pro-science-only
msn.com/*	_cse_i0l4anspnui	mostly-center	left-leaning	left-center-only
curvemag.com/*	_cse_i0l4anspnui	left-leaning	left-only
www.ncbi.nlm.nih.gov/*	_cse_i0l4anspnui	pro-science-only
www.vanityfair.com/*	_cse_i0l4anspnui	left-leaning	left-only
cato.org/*	_cse_i0l4anspnui	mostly-center	right-leaning	right-center-only
jewishpress.com/*	_cse_i0l4anspnui	mostly-center	right-leaning	right-center-only
www.thenewsliteracyproject.org/*	_cse_i0l4anspnui	mostly-center	center-only
www.desmoinesregister.com/*	_cse_i0l4anspnui	mostly-center	right-leaning	right-center-only
scarymommy.com/*	_cse_i0l4anspnui	left-leaning	left-only
www.redorbit.com/*	_cse_i0l4anspnui	pro-science-only
www.financialpost.com/*	_cse_i0l4anspnui	mostly-center	right-leaning	right-center-only
www.usafacts.org/*	_cse_i0l4anspnui	mostly-center	center-only
www.tribunemagazine.org/*	_cse_i0l4anspnui	left-leaning	left-only
www.guttmacher.org/*	_cse_i0l4anspnui	mostly-center	left-leaning	left-center-only
www.themarysue.com/*	_cse_i0l4anspnui	left-leaning	left-only
www.prri.org/*	_cse_i0l4anspnui	mostly-center	center-only
salon.com/*	_cse_i0l4anspnui	left-leaning	left-only
www.newsday.com/*	_cse_i0l4anspnui	mostly-center	left-leaning	left-center-only
miamiherald.com/*	_cse_i0l4anspnui	mostly-center	left-leaning	left-center-only
www.openthegovernment.org/*	_cse_i0l4anspnui	mostly-center	center-only
washingtonexaminer.com/*	_cse_i0l4anspnui	mostly-center	right-leaning	right-center-only
www.lawfareblog.com/*	_cse_i0l4anspnui	mostly-center	left-leaning	left-center-only
www.peninsuladailynews.com/*	_cse_i0l4anspnui	mostly-center	right-leaning	right-center-only
www.apsa.org/*	_cse_i0l4anspnui	pro-science-only
www.sfchronicle.com/*	_cse_i0l4anspnui	mostly-center	left-leaning	left-center-only
thesmokinggun.com/*	_cse_i0l4anspnui	mostly-center	right-leaning	right-center-only
www.outsidethebeltway.com/*	_cse_i0l4anspnui	mostly-center	left-leaning	left-center-only
www.daily49er.com/*	_cse_i0l4anspnui	left-leaning	left-only
www.leftvoice.org/*	_cse_i0l4anspnui	left-leaning	left-only
www.sciencenews.org/*	_cse_i0l4anspnui	pro-science-only
mayoclinic.org/*	_cse_i0l4anspnui	pro-science-only
www.dispatch.com/*	_cse_i0l4anspnui	mostly-center	right-leaning	right-center-only
military.com/*	_cse_i0l4anspnui	mostly-center	center-only
wral.com/*	_cse_i0l4anspnui	mostly-center	center-only
www.nih.gov/*	_cse_i0l4anspnui	pro-science-only
www.medscape.com/*	_cse_i0l4anspnui	pro-science-only
www.knightfoundation.org/*	_cse_i0l4anspnui	mostly-center	left-leaning	left-center-only
statesman.com/*	_cse_i0l4anspnui	mostly-center	left-leaning	left-center-only
seattletimes.com/*	_cse_i0l4anspnui	mostly-center	left-leaning	left-center-only
www.nakedcapitalism.com/*	_cse_i0l4anspnui	mostly-center	left-leaning	left-center-only
webmd.com/*	_cse_i0l4anspnui	pro-science-only
investopedia.com/*	_cse_i0l4anspnui	mostly-center	center-only
ctvnews.ca/*	_cse_i0l4anspnui	mostly-center	left-leaning	left-center-only
dailydot.com/*	_cse_i0l4anspnui	left-leaning	left-only
greentechmedia.com/*	_cse_i0l4anspnui	mostly-center	left-leaning	left-center-only
pewresearch.org/*	_cse_i0l4anspnui	mostly-center	center-only
fastcompany.com/*	_cse_i0l4anspnui	mostly-center	left-leaning	left-center-only
www.dallasnews.com/*	_cse_i0l4anspnui	mostly-center	right-leaning	right-center-only
www.chronicle.com/*	_cse_i0l4anspnui	mostly-center	center-only
thestranger.com/*	_cse_i0l4anspnui	mostly-center	left-leaning	left-center-only
www.aps.org/*	_cse_i0l4anspnui	pro-science-only
www.vocativ.com/*	_cse_i0l4anspnui	mostly-center	center-only
www.societyforscience.org/*	_cse_i0l4anspnui	pro-science-only
www.arabnews.com/*	_cse_i0l4anspnui	mostly-center	right-leaning	right-center-only
www.citizensforethics.org/*	_cse_i0l4anspnui	mostly-center	left-leaning	left-center-only
www.newsobserver.com/*	_cse_i0l4anspnui	mostly-center	left-leaning	left-center-only
healthcarefinancenews.com/*	_cse_i0l4anspnui	mostly-center	center-only
skepticink.com/*	_cse_i0l4anspnui	pro-science-only
theepochtimes.com/*	_cse_i0l4anspnui	mostly-center	center-only
www.oklahoman.com/*	_cse_i0l4anspnui	mostly-center	right-leaning	right-center-only
www.oregonlive.com/*	_cse_i0l4anspnui	mostly-center	right-leaning	right-center-only
truthorfiction.com/*	_cse_i0l4anspnui	mostly-center	center-only
www.insidehighered.com/*	_cse_i0l4anspnui	mostly-center	left-leaning	left-center-only
www.themilitant.com/*	_cse_i0l4anspnui	left-leaning	left-only
www.psychologytoday.com/*	_cse_i0l4anspnui	pro-science-only
www.cbo.gov/*	_cse_i0l4anspnui	mostly-center	center-only
www.miamiherald.com/*	_cse_i0l4anspnui	mostly-center	left-leaning	left-center-only
theautomaticearth.com/*	_cse_i0l4anspnui	mostly-center	left-leaning	left-center-only
www.foreignaffairs.com/*	_cse_i0l4anspnui	mostly-center	center-only
azcentral.com/*	_cse_i0l4anspnui	mostly-center	right-leaning	right-center-only
cnbc.com/*	_cse_i0l4anspnui	mostly-center	left-leaning	left-center-only
wvgazettemail.com/*	_cse_i0l4anspnui	mostly-center	left-leaning	left-center-only
www.neweurope.eu/*	_cse_i0l4anspnui	mostly-center	left-leaning	left-center-only
pri.org/*	_cse_i0l4anspnui	mostly-center	left-leaning	left-center-only
www.business2community.com/*	_cse_i0l4anspnui	mostly-center	center-only
www.chinapost.com.tw/*	_cse_i0l4anspnui	mostly-center	center-only
truthdig.com/*	_cse_i0l4anspnui	left-leaning	left-only
www.eurasiareview.com/*	_cse_i0l4anspnui	mostly-center	center-only
morningstaronline.co.uk/*	_cse_i0l4anspnui	left-leaning	left-only
www.cato.org/*	_cse_i0l4anspnui	mostly-center	right-leaning	right-center-only
www.hudson.org/*	_cse_i0l4anspnui	right-leaning	right-only
www.express.co.uk/*	_cse_i0l4anspnui	right-leaning	right-only
startribune.com/*	_cse_i0l4anspnui	mostly-center	left-leaning	left-center-only
www.sbs.com.au/*	_cse_i0l4anspnui	mostly-center	left-leaning	left-center-only
theburningspear.com/*	_cse_i0l4anspnui	left-leaning	left-only
tampabay.com/*	_cse_i0l4anspnui	mostly-center	left-leaning	left-center-only
www.thenewstribune.com/*	_cse_i0l4anspnui	mostly-center	left-leaning	left-center-only
eff.org/*	_cse_i0l4anspnui	mostly-center	left-leaning	left-center-only
www.theaustralian.com.au/*	_cse_i0l4anspnui	mostly-center	right-leaning	right-center-only
www.latimes.com/*	_cse_i0l4anspnui	mostly-center	left-leaning	left-center-only
sciencedaily.com/*	_cse_i0l4anspnui	pro-science-only
www.israelhayom.com/*	_cse_i0l4anspnui	mostly-center	right-leaning	right-center-only
chicksontheright.com/*	_cse_i0l4anspnui	right-leaning	right-only
www.theness.com/*	_cse_i0l4anspnui	pro-science-only
en.wikinews.org/*	_cse_i0l4anspnui	mostly-center	center-only
www.valleynewslive.com/*	_cse_i0l4anspnui	mostly-center	right-leaning	right-center-only
english.aawsat.com/*	_cse_i0l4anspnui	mostly-center	center-only
climaterealityproject.org/*	_cse_i0l4anspnui	left-leaning	left-only
www.themarshallproject.org/*	_cse_i0l4anspnui	mostly-center	center-only
www.queerty.com/*	_cse_i0l4anspnui	left-leaning	left-only
www.charlotteobserver.com/*	_cse_i0l4anspnui	mostly-center	left-leaning	left-center-only
www.bostonglobe.com/*	_cse_i0l4anspnui	mostly-center	left-leaning	left-center-only
oregonlive.com/*	_cse_i0l4anspnui	mostly-center	right-leaning	right-center-only
www.govexec.com/*	_cse_i0l4anspnui	mostly-center	center-only
nrdc.org/*	_cse_i0l4anspnui	mostly-center	left-leaning	left-center-only
star-telegram.com/*	_cse_i0l4anspnui	mostly-center	right-leaning	right-center-only
foreignaffairs.com/*	_cse_i0l4anspnui	mostly-center	center-only
jordantimes.com/*	_cse_i0l4anspnui	mostly-center	center-only
www.statnews.com/*	_cse_i0l4anspnui	mostly-center	center-only
www.thenews.mx/*	_cse_i0l4anspnui	mostly-center	center-only
www.independent.ie/*	_cse_i0l4anspnui	mostly-center	right-leaning	right-center-only
www.icrw.org/*	_cse_i0l4anspnui	mostly-center	left-leaning	left-center-only
csmonitor.com/*	_cse_i0l4anspnui	mostly-center	center-only
www.darientimes.com/*	_cse_i0l4anspnui	mostly-center	left-leaning	left-center-only
www.independent.com/*	_cse_i0l4anspnui	mostly-center	left-leaning	left-center-only
wikileaks.org/*	_cse_i0l4anspnui	mostly-center	right-leaning	right-center-only
www.counterpunch.org/*	_cse_i0l4anspnui	left-leaning	left-only
baltimoresun.com/*	_cse_i0l4anspnui	mostly-center	left-leaning	left-center-only
www.aclu.org/*	_cse_i0l4anspnui	mostly-center	left-leaning	left-center-only
treehugger.com/*	_cse_i0l4anspnui	pro-science-only
ydr.com/*	_cse_i0l4anspnui	mostly-center	left-leaning	left-center-only
www.theroot.com/*	_cse_i0l4anspnui	left-leaning	left-only
www.dailyrecord.com/*	_cse_i0l4anspnui	mostly-center	center-only
socialistworker.org/*	_cse_i0l4anspnui	left-leaning	left-only
www.advocate.com/*	_cse_i0l4anspnui	left-leaning	left-only
www.justfactsdaily.com/*	_cse_i0l4anspnui	mostly-center	right-leaning	right-center-only
economist.com/*	_cse_i0l4anspnui	mostly-center	center-only
www.politico.com/*	_cse_i0l4anspnui	mostly-center	left-leaning	left-center-only
procon.org/*	_cse_i0l4anspnui	mostly-center	center-only
www.cnet.com/*	_cse_i0l4anspnui	pro-science-only
www.ozy.com/*	_cse_i0l4anspnui	mostly-center	left-leaning	left-center-only
www.startribune.com/*	_cse_i0l4anspnui	mostly-center	left-leaning	left-center-only
www.sciencemag.org/*	_cse_i0l4anspnui	pro-science-only
freepress.net/*	_cse_i0l4anspnui	mostly-center	left-leaning	left-center-only
www.mprnews.org/*	_cse_i0l4anspnui	mostly-center	left-leaning	left-center-only
www.sciencealert.com/*	_cse_i0l4anspnui	pro-science-only
sltrib.com/*	_cse_i0l4anspnui	mostly-center	left-leaning	left-center-only
www.wilsoncenter.org/*	_cse_i0l4anspnui	mostly-center	center-only
wilsoncenter.org/*	_cse_i0l4anspnui	mostly-center	center-only
www.nationmaster.com/*	_cse_i0l4anspnui	mostly-center	center-only
psychologytoday.com/*	_cse_i0l4anspnui	pro-science-only
nature.com/*	_cse_i0l4anspnui	pro-science-only
www.ctvnews.ca/*	_cse_i0l4anspnui	mostly-center	left-leaning	left-center-only
www.dissentmagazine.org/*	_cse_i0l4anspnui	left-leaning	left-only
www.hurriyetdailynews.com/*	_cse_i0l4anspnui	mostly-center	left-leaning	left-center-only
sandiegouniontribune.com/*	_cse_i0l4anspnui	mostly-center	right-leaning	right-center-only
ibtimes.com/*	_cse_i0l4anspnui	mostly-center	center-only
www.sourcewatch.org/*	_cse_i0l4anspnui	left-leaning	left-only
cgdev.org/*	_cse_i0l4anspnui	mostly-center	center-only
www.thestar.com/*	_cse_i0l4anspnui	mostly-center	left-leaning	left-center-only
www.cbsnews.com/*	_cse_i0l4anspnui	mostly-center	left-leaning	left-center-only
outsidethebeltway.com/*	_cse_i0l4anspnui	mostly-center	left-leaning	left-center-only
oceana.org/*	_cse_i0l4anspnui	pro-science-only
advocate.com/*	_cse_i0l4anspnui	left-leaning	left-only
house.gov/*	_cse_i0l4anspnui	mostly-center	center-only
www.wired.com/*	_cse_i0l4anspnui	mostly-center	left-leaning	left-center-only
www.engadget.com/*	_cse_i0l4anspnui	mostly-center	left-leaning	left-center-only
cjnews.com/*	_cse_i0l4anspnui	mostly-center	right-leaning	right-center-only
www.janes.com/*	_cse_i0l4anspnui	mostly-center	center-only
www.bullshido.net/*	_cse_i0l4anspnui	mostly-center	center-only
www.zeit.de/*	_cse_i0l4anspnui	mostly-center	left-leaning	left-center-only
publicpolicypolling.com/*	_cse_i0l4anspnui	mostly-center	center-only
progressive.org/*	_cse_i0l4anspnui	left-leaning	left-only
www.carbonated.tv/*	_cse_i0l4anspnui	left-leaning	left-only
www.militarytimes.com/*	_cse_i0l4anspnui	mostly-center	right-leaning	right-center-only
www.sacbee.com/*	_cse_i0l4anspnui	mostly-center	left-leaning	left-center-only
cjr.org/*	_cse_i0l4anspnui	mostly-center	left-leaning	left-center-only
www.valuewalk.com/*	_cse_i0l4anspnui	mostly-center	right-leaning	right-center-only
www.recode.net/*	_cse_i0l4anspnui	mostly-center	center-only
www.votevets.org/*	_cse_i0l4anspnui	mostly-center	left-leaning	left-center-only
sayfiereview.com/*	_cse_i0l4anspnui	mostly-center	center-only
www.financialexpress.com/*	_cse_i0l4anspnui	mostly-center	center-only
thenewsliteracyproject.org/*	_cse_i0l4anspnui	mostly-center	center-only
www.thoughtco.com/*	_cse_i0l4anspnui	mostly-center	center-only
nolabels.org/*	_cse_i0l4anspnui	mostly-center	center-only
nytimes.com/*	_cse_i0l4anspnui	mostly-center	left-leaning	left-center-only
www.thefrisky.com/*	_cse_i0l4anspnui	left-leaning	left-only
theroot.com/*	_cse_i0l4anspnui	left-leaning	left-only
www.edmontonsun.com/*	_cse_i0l4anspnui	mostly-center	right-leaning	right-center-only
texastribune.org/*	_cse_i0l4anspnui	mostly-center	center-only
taxpayer.com/*	_cse_i0l4anspnui	mostly-center	right-leaning	right-center-only
doctorswithoutborders.org/*	_cse_i0l4anspnui	mostly-center	center-only
www.bloomberg.com/*	_cse_i0l4anspnui	mostly-center	left-leaning	left-center-only
www.macleans.ca/*	_cse_i0l4anspnui	mostly-center	left-leaning	left-center-only
www.ips-dc.org/*	_cse_i0l4anspnui	left-leaning	left-only
bostonglobe.com/*	_cse_i0l4anspnui	mostly-center	left-leaning	left-center-only
www.independent.org/*	_cse_i0l4anspnui	mostly-center	right-leaning	right-center-only
euromaidanpress.com/*	_cse_i0l4anspnui	mostly-center	left-leaning	left-center-only
www.arkansasonline.com/*	_cse_i0l4anspnui	mostly-center	right-leaning	right-center-only
news24.com/*	_cse_i0l4anspnui	mostly-center	center-only
nationalpost.com/*	_cse_i0l4anspnui	mostly-center	right-leaning	right-center-only
postbulletin.com/*	_cse_i0l4anspnui	mostly-center	right-leaning	right-center-only
www.news-gazette.com/*	_cse_i0l4anspnui	mostly-center	right-leaning	right-center-only
dallasnews.com/*	_cse_i0l4anspnui	mostly-center	right-leaning	right-center-only
nationalgeographic.com/*	_cse_i0l4anspnui	pro-science-only
www.hrw.org/*	_cse_i0l4anspnui	mostly-center	left-leaning	left-center-only
www.albawaba.com/*	_cse_i0l4anspnui	mostly-center	center-only
www.readingthepictures.org/*	_cse_i0l4anspnui	left-leaning	left-only
www.bbc.com/*	_cse_i0l4anspnui	mostly-center	left-leaning	left-center-only
www.pastemagazine.com/*	_cse_i0l4anspnui	left-leaning	left-only
www.bridgemi.com/*	_cse_i0l4anspnui	mostly-center	center-only
www.skeptic.com/*	_cse_i0l4anspnui	pro-science-only
gq.com/*	_cse_i0l4anspnui	left-leaning	left-only
www.fitsnews.com/*	_cse_i0l4anspnui	mostly-center	right-leaning	right-center-only
www.salon.com/*	_cse_i0l4anspnui	left-leaning	left-only
www.al.com/*	_cse_i0l4anspnui	mostly-center	right-leaning	right-center-only
www.straitstimes.com/*	_cse_i0l4anspnui	mostly-center	right-leaning	right-center-only
www.pantagraph.com/*	_cse_i0l4anspnui	mostly-center	center-only
www.climatecentral.org/*	_cse_i0l4anspnui	pro-science-only
www.sltrib.com/*	_cse_i0l4anspnui	mostly-center	left-leaning	left-center-only
www.themonthly.com.au/*	_cse_i0l4anspnui	mostly-center	left-leaning	left-center-only
cpj.org/*	_cse_i0l4anspnui	mostly-center	center-only
www.cbc.ca/*	_cse_i0l4anspnui	mostly-center	left-leaning	left-center-only
www.realclearpolicy.com/*	_cse_i0l4anspnui	mostly-center	right-leaning	right-center-only
motherjones.com/*	_cse_i0l4anspnui	left-leaning	left-only
www.miaminewtimes.com/*	_cse_i0l4anspnui	left-leaning	left-only
www.csmonitor.com/*	_cse_i0l4anspnui	mostly-center	center-only
www.scarymommy.com/*	_cse_i0l4anspnui	left-leaning	left-only
www.fairvote.org/*	_cse_i0l4anspnui	mostly-center	left-leaning	left-center-only
mprnews.org/*	_cse_i0l4anspnui	mostly-center	left-leaning	left-center-only
www.itv.com/*	_cse_i0l4anspnui	mostly-center	right-leaning	right-center-only
thestar.com/*	_cse_i0l4anspnui	mostly-center	left-leaning	left-center-only
www.amnesty.org/*	_cse_i0l4anspnui	mostly-center	center-only
theguardian.com/*	_cse_i0l4anspnui	mostly-center	left-leaning	left-center-only
tbo.com/*	_cse_i0l4anspnui	mostly-center	right-leaning	right-center-only
www.samefacts.com/*	_cse_i0l4anspnui	left-leaning	left-only
www.haaretz.com/*	_cse_i0l4anspnui	mostly-center	left-leaning	left-center-only
www.usaspending.gov/*	_cse_i0l4anspnui	mostly-center	center-only
www.publicintegrity.org/*	_cse_i0l4anspnui	mostly-center	center-only
www.upworthy.com/*	_cse_i0l4anspnui	left-leaning	left-only
eagletribune.com/*	_cse_i0l4anspnui	mostly-center	center-only
countercurrents.org/*	_cse_i0l4anspnui	left-leaning	left-only
abc.net.au/*	_cse_i0l4anspnui	mostly-center	center-only
thenation.com/*	_cse_i0l4anspnui	left-leaning	left-only
www.demos.org/*	_cse_i0l4anspnui	mostly-center	left-leaning	left-center-only
sacbee.com/*	_cse_i0l4anspnui	mostly-center	left-leaning	left-center-only
www.epi.org/*	_cse_i0l4anspnui	mostly-center	left-leaning	left-center-only
www.rollingstone.com/*	_cse_i0l4anspnui	mostly-center	left-leaning	left-center-only
www.congress.gov/*	_cse_i0l4anspnui	mostly-center	center-only
www.brookings.edu/*	_cse_i0l4anspnui	mostly-center	left-leaning	left-center-only
www.commondreams.org/*	_cse_i0l4anspnui	left-leaning	left-only
hollywoodreporter.com/*	_cse_i0l4anspnui	mostly-center	left-leaning	left-center-only
mysanantonio.com/*	_cse_i0l4anspnui	mostly-center	left-leaning	left-center-only
ammoland.com/*	_cse_i0l4anspnui	right-leaning	right-only
www.nextavenue.org/*	_cse_i0l4anspnui	mostly-center	center-only
www.washingtonexaminer.com/*	_cse_i0l4anspnui	mostly-center	right-leaning	right-center-only
www.thesmokinggun.com/*	_cse_i0l4anspnui	mostly-center	right-leaning	right-center-only
theskimm.com/*	_cse_i0l4anspnui	mostly-center	center-only
www.telegraph.co.uk/*	_cse_i0l4anspnui	mostly-center	right-leaning	right-center-only
www.newbernsj.com/*	_cse_i0l4anspnui	mostly-center	center-only
theaustralian.com.au/*	_cse_i0l4anspnui	mostly-center	right-leaning	right-center-only
www.liberationnews.org/*	_cse_i0l4anspnui	left-leaning	left-only
amnesty.org/*	_cse_i0l4anspnui	mostly-center	center-only
foreignpolicyi.org/*	_cse_i0l4anspnui	mostly-center	right-leaning	right-center-only
sciencebasedmedicine.org/*	_cse_i0l4anspnui	pro-science-only
www.project-syndicate.org/*	_cse_i0l4anspnui	mostly-center	center-only
standard.co.uk/*	_cse_i0l4anspnui	mostly-center	right-leaning	right-center-only
csis.org/*	_cse_i0l4anspnui	mostly-center	center-only
www.rfa.org/*	_cse_i0l4anspnui	mostly-center	left-leaning	left-center-only
www.bjreview.com/*	_cse_i0l4anspnui	mostly-center	left-leaning	left-center-only
thegazette.com/*	_cse_i0l4anspnui	mostly-center	right-leaning	right-center-only
www.timesofisrael.com/*	_cse_i0l4anspnui	mostly-center	left-leaning	left-center-only
teapartypatriots.org/*	_cse_i0l4anspnui	right-leaning	right-only
www.sciencebasedmedicine.org/*	_cse_i0l4anspnui	pro-science-only
www.pewresearch.org/*	_cse_i0l4anspnui	mostly-center	center-only
yesmagazine.org/*	_cse_i0l4anspnui	left-leaning	left-only
www.tvw.org/*	_cse_i0l4anspnui	mostly-center	center-only
www.icenews.is/*	_cse_i0l4anspnui	mostly-center	left-leaning	left-center-only
dailynews.com/*	_cse_i0l4anspnui	mostly-center	right-leaning	right-center-only
www.irena.org/*	_cse_i0l4anspnui	pro-science-only
atlanticmedia.com/*	_cse_i0l4anspnui	mostly-center	left-leaning	left-center-only
rescue.org/*	_cse_i0l4anspnui	mostly-center	center-only
www.britannica.com/*	_cse_i0l4anspnui	pro-science-only
capitolfax.com/*	_cse_i0l4anspnui	mostly-center	center-only
darientimes.com/*	_cse_i0l4anspnui	mostly-center	left-leaning	left-center-only
scotusblog.com/*	_cse_i0l4anspnui	mostly-center	center-only
scmp.com/*	_cse_i0l4anspnui	mostly-center	center-only
www.dailypress.com/*	_cse_i0l4anspnui	mostly-center	right-leaning	right-center-only
charlotteobserver.com/*	_cse_i0l4anspnui	mostly-center	left-leaning	left-center-only
knightfoundation.org/*	_cse_i0l4anspnui	mostly-center	left-leaning	left-center-only
www.nytimes.com/*	_cse_i0l4anspnui	mostly-center	left-leaning	left-center-only
agerpres.ro/*	_cse_i0l4anspnui	mostly-center	center-only
www.snopes.com/*	_cse_i0l4anspnui	mostly-center	center-only
www.verywell.com/*	_cse_i0l4anspnui	pro-science-only
www.popularmechanics.com/*	_cse_i0l4anspnui	pro-science-only
www.9news.com.au/*	_cse_i0l4anspnui	mostly-center	right-leaning	right-center-only
www.motherjones.com/*	_cse_i0l4anspnui	left-leaning	left-only
wired.com/*	_cse_i0l4anspnui	mostly-center	left-leaning	left-center-only
space.com/*	_cse_i0l4anspnui	pro-science-only
telegraph.co.uk/*	_cse_i0l4anspnui	mostly-center	right-leaning	right-center-only
pbs.org/*	_cse_i0l4anspnui	mostly-center	left-leaning	left-center-only
marketwatch.com/*	_cse_i0l4anspnui	mostly-center	center-only
www.dailydot.com/*	_cse_i0l4anspnui	left-leaning	left-only
mackinac.org/*	_cse_i0l4anspnui	mostly-center	right-leaning	right-center-only
www.powerlineblog.com/*	_cse_i0l4anspnui	right-leaning	right-only
learnliberty.org/*	_cse_i0l4anspnui	mostly-center	right-leaning	right-center-only
www.democracynow.org/*	_cse_i0l4anspnui	left-leaning	left-only
pressherald.com/*	_cse_i0l4anspnui	mostly-center	left-leaning	left-center-only
www.americamagazine.org/*	_cse_i0l4anspnui	mostly-center	left-leaning	left-center-only
www.bostonherald.com/*	_cse_i0l4anspnui	mostly-center	right-leaning	right-center-only
www.scoopnest.com/*	_cse_i0l4anspnui	mostly-center	center-only
amgreatness.com/*	_cse_i0l4anspnui	mostly-center	right-leaning	right-center-only
philly.com/*	_cse_i0l4anspnui	mostly-center	left-leaning	left-center-only
truthagainstthemachine.com/*	_cse_i0l4anspnui	left-leaning	left-only
www.truthorfiction.com/*	_cse_i0l4anspnui	mostly-center	center-only
theoslotimes.com/*	_cse_i0l4anspnui	mostly-center	left-leaning	left-center-only
www.curvemag.com/*	_cse_i0l4anspnui	left-leaning	left-only
www.globaltimes.cn/*	_cse_i0l4anspnui	mostly-center	left-leaning	left-center-only
www.wikipedia.org/*	_cse_i0l4anspnui	mostly-center	center-only
www.thegazette.com/*	_cse_i0l4anspnui	mostly-center	right-leaning	right-center-only
aol.com/*	_cse_i0l4anspnui	mostly-center	left-leaning	left-center-only
afr.com/*	_cse_i0l4anspnui	mostly-center	center-only
www.smithsonianmag.com/*	_cse_i0l4anspnui	pro-science-only
npr.org/*	_cse_i0l4anspnui	mostly-center	left-leaning	left-center-only
scientificamerican.com/*	_cse_i0l4anspnui	pro-science-only
ciponline.org/*	_cse_i0l4anspnui	mostly-center	left-leaning	left-center-only
www.redpepper.org.uk/*	_cse_i0l4anspnui	left-leaning	left-only
www.military.com/*	_cse_i0l4anspnui	mostly-center	center-only
usaspending.gov/*	_cse_i0l4anspnui	mostly-center	center-only
chron.com/*	_cse_i0l4anspnui	mostly-center	left-leaning	left-center-only
www.nolabels.org/*	_cse_i0l4anspnui	mostly-center	center-only
www.ajc.com/*	_cse_i0l4anspnui	mostly-center	left-leaning	left-center-only
www.teapartytribune.com/*	_cse_i0l4anspnui	right-leaning	right-only
www.tallahassee.com/*	_cse_i0l4anspnui	mostly-center	right-leaning	right-center-only
www.thechristianleft.org/*	_cse_i0l4anspnui	mostly-center	left-leaning	left-center-only
sun-sentinel.com/*	_cse_i0l4anspnui	mostly-center	right-leaning	right-center-only
www.star-telegram.com/*	_cse_i0l4anspnui	mostly-center	right-leaning	right-center-only
www.novinite.com/*	_cse_i0l4anspnui	mostly-center	center-only
www.axios.com/*	_cse_i0l4anspnui	mostly-center	left-leaning	left-center-only
www.goodnewsnetwork.org/*	_cse_i0l4anspnui	mostly-center	center-only
www.americanactionforum.org/*	_cse_i0l4anspnui	mostly-center	right-leaning	right-center-only
www.esquire.com/*	_cse_i0l4anspnui	left-leaning	left-only
ips-dc.org/*	_cse_i0l4anspnui	left-leaning	left-only
www.sciencedaily.com/*	_cse_i0l4anspnui	pro-science-only
www.chicagotribune.com/*	_cse_i0l4anspnui	mostly-center	left-leaning	left-center-only
bloomberg.com/*	_cse_i0l4anspnui	mostly-center	left-leaning	left-center-only
www.city-journal.org/*	_cse_i0l4anspnui	right-leaning	right-only
hrw.org/*	_cse_i0l4anspnui	mostly-center	left-leaning	left-center-only
bostonherald.com/*	_cse_i0l4anspnui	mostly-center	right-leaning	right-center-only
www.theepochtimes.com/*	_cse_i0l4anspnui	mostly-center	right-leaning	right-center-only
www.morningstaronline.co.uk/*	_cse_i0l4anspnui	left-leaning	left-only
pacificresearch.org/*	_cse_i0l4anspnui	mostly-center	right-leaning	right-center-only
www.earthmagazine.org/*	_cse_i0l4anspnui	pro-science-only
www.kansascity.com/*	_cse_i0l4anspnui	mostly-center	left-leaning	left-center-only
www.thirdway.org/*	_cse_i0l4anspnui	mostly-center	center-only
nasa.gov/*	_cse_i0l4anspnui	pro-science-only
torontosun.com/*	_cse_i0l4anspnui	right-leaning	right-only
www.gq.com/*	_cse_i0l4anspnui	left-leaning	left-only
bigthink.com/*	_cse_i0l4anspnui	mostly-center	center-only
www.plos.org/*	_cse_i0l4anspnui	pro-science-only
counterpunch.org/*	_cse_i0l4anspnui	left-leaning	left-only
www.washingtonblade.com/*	_cse_i0l4anspnui	mostly-center	left-leaning	left-center-only
www.skeptics.com.au/*	_cse_i0l4anspnui	pro-science-only
www.stopfake.org/*	_cse_i0l4anspnui	mostly-center	left-leaning	left-center-only
www.worldpoliticsreview.com/*	_cse_i0l4anspnui	mostly-center	center-only
www.citizen-times.com/*	_cse_i0l4anspnui	mostly-center	left-leaning	left-center-only
www.rstreet.org/*	_cse_i0l4anspnui	mostly-center	right-leaning	right-center-only
www.skyandtelescope.com/*	_cse_i0l4anspnui	pro-science-only
recode.net/*	_cse_i0l4anspnui	mostly-center	center-only
cleveland.com/*	_cse_i0l4anspnui	mostly-center	left-leaning	left-center-only
www.attn.com/*	_cse_i0l4anspnui	mostly-center	left-leaning	left-center-only
www.usnews.com/*	_cse_i0l4anspnui	mostly-center	left-leaning	left-center-only
theage.com.au/*	_cse_i0l4anspnui	mostly-center	left-leaning	left-center-only
www.theburningspear.com/*	_cse_i0l4anspnui	left-leaning	left-only
www.realclearscience.com/*	_cse_i0l4anspnui	pro-science-only
www.wsj.com/*	_cse_i0l4anspnui	mostly-center	right-leaning	right-center-only
www.thehindubusinessline.com/*	_cse_i0l4anspnui	mostly-center	right-leaning	right-center-only
www.desertsun.com/*	_cse_i0l4anspnui	mostly-center	right-leaning	right-center-only
smirkingchimp.com/*	_cse_i0l4anspnui	left-leaning	left-only
science.energy.gov/*	_cse_i0l4anspnui	pro-science-only
www.heraldsun.com.au/*	_cse_i0l4anspnui	mostly-center	right-leaning	right-center-only
www.aip.org/*	_cse_i0l4anspnui	pro-science-only
www.healthline.com/*	_cse_i0l4anspnui	pro-science-only
www.pnas.org/*	_cse_i0l4anspnui	pro-science-only
www.fraserinstitute.org/*	_cse_i0l4anspnui	mostly-center	right-leaning	right-center-only
dw.com/*	_cse_i0l4anspnui	mostly-center	left-leaning	left-center-only
www.thebalance.com/*	_cse_i0l4anspnui	mostly-center	center-only
www.theskimm.com/*	_cse_i0l4anspnui	mostly-center	center-only
www.fifthestate.org/*	_cse_i0l4anspnui	left-leaning	left-only
www.silive.com/*	_cse_i0l4anspnui	mostly-center	left-leaning	left-center-only
www.newscientist.com/*	_cse_i0l4anspnui	pro-science-only
aljazeera.com/*	_cse_i0l4anspnui	mostly-center	left-leaning	left-center-only
www.independentsentinel.com/*	_cse_i0l4anspnui	right-leaning	right-only
aclu.org/*	_cse_i0l4anspnui	mostly-center	left-leaning	left-center-only
washingtontimes.com/*	_cse_i0l4anspnui	mostly-center	right-leaning	right-center-only
www.doctorswithoutborders.org/*	_cse_i0l4anspnui	mostly-center	center-only
www.worldaffairsjournal.org/*	_cse_i0l4anspnui	mostly-center	left-leaning	left-center-only
www.realclearinvestigations.com/*	_cse_i0l4anspnui	mostly-center	right-leaning	right-center-only
jstor.org/*	_cse_i0l4anspnui	pro-science-only
www.metro.us/*	_cse_i0l4anspnui	mostly-center	left-leaning	left-center-only
www.juancole.com/*	_cse_i0l4anspnui	left-leaning	left-only
libcom.org/*	_cse_i0l4anspnui	left-leaning	left-only
riverbender.com/*	_cse_i0l4anspnui	mostly-center	center-only
liveleak.com/*	_cse_i0l4anspnui	mostly-center	left-leaning	left-center-only
www.cgdev.org/*	_cse_i0l4anspnui	mostly-center	center-only
www.thenewatlantis.com/*	_cse_i0l4anspnui	mostly-center	right-leaning	right-center-only
providencejournal.com/*	_cse_i0l4anspnui	mostly-center	left-leaning	left-center-only
www.pri.org/*	_cse_i0l4anspnui	mostly-center	left-leaning	left-center-only
www.scmp.com/*	_cse_i0l4anspnui	mostly-center	center-only
www.ciponline.org/*	_cse_i0l4anspnui	mostly-center	left-leaning	left-center-only
www.smh.com.au/*	_cse_i0l4anspnui	mostly-center	left-leaning	left-center-only
www.the-scientist.com/*	_cse_i0l4anspnui	pro-science-only
www.alaraby.co.uk/*	_cse_i0l4anspnui	mostly-center	left-leaning	left-center-only
businessinsider.com/*	_cse_i0l4anspnui	mostly-center	left-leaning	left-center-only
huffingtonpost.com/*	_cse_i0l4anspnui	left-leaning	left-only
irishtimes.com/*	_cse_i0l4anspnui	mostly-center	left-leaning	left-center-only
www.stratfor.com/*	_cse_i0l4anspnui	mostly-center	center-only
business2community.com/*	_cse_i0l4anspnui	mostly-center	center-only
france24.com/*	_cse_i0l4anspnui	mostly-center	left-leaning	left-center-only
www.skepticink.com/*	_cse_i0l4anspnui	pro-science-only
www.aljazeera.com/*	_cse_i0l4anspnui	mostly-center	left-leaning	left-center-only
www.timesunion.com/*	_cse_i0l4anspnui	mostly-center	left-leaning	left-center-only
reuters.com/*	_cse_i0l4anspnui	mostly-center	center-only
teapartytribune.com/*	_cse_i0l4anspnui	right-leaning	right-only
www.chron.com/*	_cse_i0l4anspnui	mostly-center	left-leaning	left-center-only
www.peacock-panache.com/*	_cse_i0l4anspnui	left-leaning	left-only
www.bustle.com/*	_cse_i0l4anspnui	mostly-center	left-leaning	left-center-only
www.takepart.com/*	_cse_i0l4anspnui	left-leaning	left-only
aranews.net/*	_cse_i0l4anspnui	mostly-center	left-leaning	left-center-only
mintpressnews.com/*	_cse_i0l4anspnui	mostly-center	left-leaning	left-center-only
skepdic.com/*	_cse_i0l4anspnui	pro-science-only
usafacts.org/*	_cse_i0l4anspnui	mostly-center	center-only
www.progressive.org/*	_cse_i0l4anspnui	left-leaning	left-only
fairvote.org/*	_cse_i0l4anspnui	mostly-center	left-leaning	left-center-only
www.opensecrets.org/*	_cse_i0l4anspnui	mostly-center	center-only
forwardprogressives.com/*	_cse_i0l4anspnui	left-leaning	left-only
eastbaytimes.com/*	_cse_i0l4anspnui	mostly-center	left-leaning	left-center-only
www.ejinsight.com/*	_cse_i0l4anspnui	mostly-center	center-only
www.thestranger.com/*	_cse_i0l4anspnui	mostly-center	left-leaning	left-center-only
www.universitybusiness.com/*	_cse_i0l4anspnui	mostly-center	left-leaning	left-center-only
www.bellingcat.com/*	_cse_i0l4anspnui	mostly-center	center-only
www.freespeech.org/*	_cse_i0l4anspnui	left-leaning	left-only
www.eff.org/*	_cse_i0l4anspnui	mostly-center	left-leaning	left-center-only
www.torontosun.com/*	_cse_i0l4anspnui	right-leaning	right-only
usatoday.com/*	_cse_i0l4anspnui	mostly-center	center-only
www.thatsnonsense.com/*	_cse_i0l4anspnui	mostly-center	center-only
good.is/*	_cse_i0l4anspnui	left-leaning	left-only
zeit.de/*	_cse_i0l4anspnui	mostly-center	left-leaning	left-center-only
thebureauinvestigates.com/*	_cse_i0l4anspnui	mostly-center	center-only
www.koco.com/*	_cse_i0l4anspnui	mostly-center	left-leaning	left-center-only
www.belfercenter.org/*	_cse_i0l4anspnui	mostly-center	center-only
latimes.com/*	_cse_i0l4anspnui	mostly-center	left-leaning	left-center-only
cbc.ca/*	_cse_i0l4anspnui	mostly-center	left-leaning	left-center-only
news.com.au/*	_cse_i0l4anspnui	mostly-center	left-leaning	left-center-only
www.foreignpolicyi.org/*	_cse_i0l4anspnui	mostly-center	right-leaning	right-center-only
sciencealert.com/*	_cse_i0l4anspnui	pro-science-only
www.economist.com/*	_cse_i0l4anspnui	mostly-center	center-only
universitybusiness.com/*	_cse_i0l4anspnui	mostly-center	left-leaning	left-center-only
politifact.com/*	_cse_i0l4anspnui	mostly-center	center-only
kentucky.com/*	_cse_i0l4anspnui	mostly-center	left-leaning	left-center-only
www.bangkokpost.com/*	_cse_i0l4anspnui	mostly-center	center-only
www.cnas.org/*	_cse_i0l4anspnui	mostly-center	center-only
takepart.com/*	_cse_i0l4anspnui	left-leaning	left-only
libertynation.com/*	_cse_i0l4anspnui	right-leaning	right-only
www.nationaljournal.com/*	_cse_i0l4anspnui	mostly-center	center-only
verywell.com/*	_cse_i0l4anspnui	pro-science-only
www.dallasvoice.com/*	_cse_i0l4anspnui	left-leaning	left-only
www.gallup.com/*	_cse_i0l4anspnui	mostly-center	center-only
sciencedirect.com/*	_cse_i0l4anspnui	pro-science-only
www.who.int/*	_cse_i0l4anspnui	pro-science-only
www.medicaldaily.com/*	_cse_i0l4anspnui	pro-science-only
www.standard.co.uk/*	_cse_i0l4anspnui	mostly-center	right-leaning	right-center-only
www.govtrack.us/*	_cse_i0l4anspnui	mostly-center	center-only
amny.com/*	_cse_i0l4anspnui	mostly-center	left-leaning	left-center-only
www.thesaturdaypaper.com.au/*	_cse_i0l4anspnui	mostly-center	left-leaning	left-center-only
www.voiceofsandiego.org/*	_cse_i0l4anspnui	mostly-center	center-only
c-span.org/*	_cse_i0l4anspnui	mostly-center	center-only
www.diversityinc.com/*	_cse_i0l4anspnui	mostly-center	left-leaning	left-center-only
www.thejakartapost.com/*	_cse_i0l4anspnui	mostly-center	center-only
www.space.com/*	_cse_i0l4anspnui	pro-science-only
www.ispp.org/*	_cse_i0l4anspnui	pro-science-only
haaretz.com/*	_cse_i0l4anspnui	mostly-center	left-leaning	left-center-only
sourcewatch.org/*	_cse_i0l4anspnui	left-leaning	left-only
timesunion.com/*	_cse_i0l4anspnui	mostly-center	left-leaning	left-center-only
www.theoslotimes.com/*	_cse_i0l4anspnui	mostly-center	left-leaning	left-center-only
www.change.org/*	_cse_i0l4anspnui	left-leaning	left-only
jsonline.com/*	_cse_i0l4anspnui	mostly-center	left-leaning	left-center-only
washingtonblade.com/*	_cse_i0l4anspnui	mostly-center	left-leaning	left-center-only
www.yesmagazine.org/*	_cse_i0l4anspnui	left-leaning	left-only
www.metabunk.org/*	_cse_i0l4anspnui	mostly-center	center-only
www.algemeiner.com/*	_cse_i0l4anspnui	mostly-center	right-leaning	right-center-only
alaraby.co.uk/*	_cse_i0l4anspnui	mostly-center	left-leaning	left-center-only
ebar.com/*	_cse_i0l4anspnui	left-leaning	left-only
politicususa.com/*	_cse_i0l4anspnui	left-leaning	left-only
www.courant.com/*	_cse_i0l4anspnui	mostly-center	left-leaning	left-center-only
www.ft.com/*	_cse_i0l4anspnui	mostly-center	center-only
www.aap.org/*	_cse_i0l4anspnui	pro-science-only
www.nationalpost.com/*	_cse_i0l4anspnui	mostly-center	right-leaning	right-center-only
lohud.com/*	_cse_i0l4anspnui	mostly-center	left-leaning	left-center-only
www.seattlepi.com/*	_cse_i0l4anspnui	mostly-center	left-leaning	left-center-only
realclearpolitics.com/*	_cse_i0l4anspnui	mostly-center	right-leaning	right-center-only
www.firstpost.com/*	_cse_i0l4anspnui	left-leaning	left-only
independent.co.uk/*	_cse_i0l4anspnui	mostly-center	left-leaning	left-center-only
www.cbpp.org/*	_cse_i0l4anspnui	mostly-center	left-leaning	left-center-only
pastemagazine.com/*	_cse_i0l4anspnui	left-leaning	left-only
www.commoncause.org/*	_cse_i0l4anspnui	mostly-center	left-leaning	left-center-only
deseretnews.com/*	_cse_i0l4anspnui	mostly-center	right-leaning	right-center-only
www.sun-sentinel.com/*	_cse_i0l4anspnui	mostly-center	right-leaning	right-center-only
www.newsweek.com/*	_cse_i0l4anspnui	mostly-center	left-leaning	left-center-only
wnyc.org/*	_cse_i0l4anspnui	mostly-center	left-leaning	left-center-only
www.westmonster.com/*	_cse_i0l4anspnui	mostly-center	right-leaning	right-center-only
www.scotusblog.com/*	_cse_i0l4anspnui	mostly-center	center-only
orlandosentinel.com/*	_cse_i0l4anspnui	mostly-center	right-leaning	right-center-only
www.skepdic.com/*	_cse_i0l4anspnui	pro-science-only
americamagazine.org/*	_cse_i0l4anspnui	mostly-center	left-leaning	left-center-only
sciencemag.org/*	_cse_i0l4anspnui	pro-science-only
www.villagevoice.com/*	_cse_i0l4anspnui	left-leaning	left-only
www.euronews.com/*	_cse_i0l4anspnui	mostly-center	center-only
www.dw.com/*	_cse_i0l4anspnui	mostly-center	left-leaning	left-center-only
vox.com/*	_cse_i0l4anspnui	left-leaning	left-only
www.slate.com/*	_cse_i0l4anspnui	left-leaning	left-only
seattlepi.com/*	_cse_i0l4anspnui	mostly-center	left-leaning	left-center-only
nationalreview.com/*	_cse_i0l4anspnui	right-leaning	right-only
www.archaeology.org/*	_cse_i0l4anspnui	pro-science-only
www.ced.org/*	_cse_i0l4anspnui	mostly-center	center-only
msmagazine.com/*	_cse_i0l4anspnui	left-leaning	left-only
www.youthrights.org/*	_cse_i0l4anspnui	mostly-center	left-leaning	left-center-only
nola.com/*	_cse_i0l4anspnui	mostly-center	left-leaning	left-center-only
pennlive.com/*	_cse_i0l4anspnui	mostly-center	left-leaning	left-center-only
www.spiegel.de/*	_cse_i0l4anspnui	mostly-center	left-leaning	left-center-only
smh.com.au/*	_cse_i0l4anspnui	mostly-center	left-leaning	left-center-only
www.rep-am.com/*	_cse_i0l4anspnui	mostly-center	right-leaning	right-center-only
www.reviewjournal.com/*	_cse_i0l4anspnui	mostly-center	right-leaning	right-center-only
www.economicshelp.org/*	_cse_i0l4anspnui	mostly-center	left-leaning	left-center-only
www.ncdc.noaa.gov/*	_cse_i0l4anspnui	pro-science-only
www.cscmediagroupus.com/*	_cse_i0l4anspnui	right-leaning	right-only
www.eastbaytimes.com/*	_cse_i0l4anspnui	mostly-center	left-leaning	left-center-only
jpost.com/*	_cse_i0l4anspnui	mostly-center	left-leaning	left-center-only
www.eurasiagroup.net/*	_cse_i0l4anspnui	mostly-center	center-only
www.popsci.com/*	_cse_i0l4anspnui	pro-science-only
www.pe.com/*	_cse_i0l4anspnui	mostly-center	right-leaning	right-center-only
www.irrawaddy.com/*	_cse_i0l4anspnui	mostly-center	left-leaning	left-center-only
www.splcenter.org/*	_cse_i0l4anspnui	mostly-center	left-leaning	left-center-only
www.jacobinmag.com/*	_cse_i0l4anspnui	left-leaning	left-only
www.newamerica.org/*	_cse_i0l4anspnui	mostly-center	center-only
www.azcentral.com/*	_cse_i0l4anspnui	mostly-center	right-leaning	right-center-only
snopes.com/*	_cse_i0l4anspnui	mostly-center	center-only
www.jsonline.com/*	_cse_i0l4anspnui	mostly-center	left-leaning	left-center-only
www.consumerlab.com/*	_cse_i0l4anspnui	pro-science-only
www.freepress.net/*	_cse_i0l4anspnui	mostly-center	left-leaning	left-center-only
www.aaas.org/*	_cse_i0l4anspnui	pro-science-only
usnews.com/*	_cse_i0l4anspnui	mostly-center	left-leaning	left-center-only
gallup.com/*	_cse_i0l4anspnui	mostly-center	center-only
nationaljournal.com/*	_cse_i0l4anspnui	mostly-center	center-only
chronicle.com/*	_cse_i0l4anspnui	mostly-center	center-only
voiceofsandiego.org/*	_cse_i0l4anspnui	mostly-center	center-only
washingtonpost.com/*	_cse_i0l4anspnui	mostly-center	left-leaning	left-center-only
omaha.com/*	_cse_i0l4anspnui	mostly-center	right-leaning	right-center-only
www.france24.com/*	_cse_i0l4anspnui	mostly-center	left-leaning	left-center-only
www.cosmopolitan.com/*	_cse_i0l4anspnui	left-leaning	left-only
www.tharawat-magazine.com/*	_cse_i0l4anspnui	mostly-center	right-leaning	right-center-only
dissentmagazine.org/*	_cse_i0l4anspnui	left-leaning	left-only
www.justsecurity.org/*	_cse_i0l4anspnui	mostly-center	center-only
www.huffingtonpost.com/*	_cse_i0l4anspnui	left-leaning	left-only
www.providencejournal.com/*	_cse_i0l4anspnui	mostly-center	left-leaning	left-center-only
www.ncpolicywatch.com/*	_cse_i0l4anspnui	mostly-center	left-leaning	left-center-only
www.sootoday.com/*	_cse_i0l4anspnui	mostly-center	left-leaning	left-center-only
ft.com/*	_cse_i0l4anspnui	mostly-center	center-only
crisisgroup.org/*	_cse_i0l4anspnui	mostly-center	left-leaning	left-center-only
www.armstrongeconomics.com/*	_cse_i0l4anspnui	mostly-center	right-leaning	right-center-only
www.sandiegouniontribune.com/*	_cse_i0l4anspnui	mostly-center	right-leaning	right-center-only
www.couriermail.com.au/*	_cse_i0l4anspnui	mostly-center	right-leaning	right-center-only
www.christianitytoday.com/*	_cse_i0l4anspnui	mostly-center	right-leaning	right-center-only
phnompenhpost.com/*	_cse_i0l4anspnui	mostly-center	center-only
justsecurity.org/*	_cse_i0l4anspnui	mostly-center	center-only
www.urban.org/*	_cse_i0l4anspnui	mostly-center	left-leaning	left-center-only
www.commentarymagazine.com/*	_cse_i0l4anspnui	right-leaning	right-only
desmogblog.com/*	_cse_i0l4anspnui	left-leaning	left-only
www.columbiadailyherald.com/*	_cse_i0l4anspnui	mostly-center	right-leaning	right-center-only
www.spectator.co.uk/*	_cse_i0l4anspnui	mostly-center	right-leaning	right-center-only
atlanticcouncil.org/*	_cse_i0l4anspnui	mostly-center	center-only
www.ucsusa.org/*	_cse_i0l4anspnui	pro-science-only
ocregister.com/*	_cse_i0l4anspnui	mostly-center	right-leaning	right-center-only
americanprogress.org/*	_cse_i0l4anspnui	left-leaning	left-only
skyandtelescope.com/*	_cse_i0l4anspnui	pro-science-only
www.procon.org/*	_cse_i0l4anspnui	mostly-center	center-only
change.org/*	_cse_i0l4anspnui	left-leaning	left-only
www.iflscience.com/*	_cse_i0l4anspnui	pro-science-only
www.ajaonline.org/*	_cse_i0l4anspnui	pro-science-only
www.fastcompany.com/*	_cse_i0l4anspnui	mostly-center	left-leaning	left-center-only
www.federaltimes.com/*	_cse_i0l4anspnui	mostly-center	center-only
revolution-news.com/*	_cse_i0l4anspnui	left-leaning	left-only
www.gaystarnews.com/*	_cse_i0l4anspnui	mostly-center	left-leaning	left-center-only
www.thefiscaltimes.com/*	_cse_i0l4anspnui	mostly-center	right-leaning	right-center-only
armstrongeconomics.com/*	_cse_i0l4anspnui	mostly-center	right-leaning	right-center-only
newyorker.com/*	_cse_i0l4anspnui	left-leaning	left-only
www.thenation.com/*	_cse_i0l4anspnui	left-leaning	left-only
www.pinknews.co.uk/*	_cse_i0l4anspnui	left-leaning	left-only
www.marxist.com/*	_cse_i0l4anspnui	left-leaning	left-only
governing.com/*	_cse_i0l4anspnui	mostly-center	left-leaning	left-center-only
www.iea.org/*	_cse_i0l4anspnui	mostly-center	center-only
www.npr.org/*	_cse_i0l4anspnui	mostly-center	left-leaning	left-center-only
www.noozhawk.com/*	_cse_i0l4anspnui	mostly-center	center-only
www.factcheck.org/*	_cse_i0l4anspnui	pro-science-only
www.americanprogress.org/*	_cse_i0l4anspnui	left-leaning	left-only
www.dailybusinessreview.com/*	_cse_i0l4anspnui	mostly-center	center-only
valuewalk.com/*	_cse_i0l4anspnui	mostly-center	right-leaning	right-center-only
theverge.com/*	_cse_i0l4anspnui	mostly-center	left-leaning	left-center-only
www.illinoispolicy.org/*	_cse_i0l4anspnui	right-leaning	right-only
www.libertynation.com/*	_cse_i0l4anspnui	right-leaning	right-only
www.globalintegrity.org/*	_cse_i0l4anspnui	mostly-center	center-only
kansascity.com/*	_cse_i0l4anspnui	mostly-center	left-leaning	left-center-only
mercurynews.com/*	_cse_i0l4anspnui	mostly-center	left-leaning	left-center-only
www.japantoday.com/*	_cse_i0l4anspnui	mostly-center	right-leaning	right-center-only
www.newsy.com/*	_cse_i0l4anspnui	mostly-center	left-leaning	left-center-only
www.opposingviews.com/*	_cse_i0l4anspnui	mostly-center	left-leaning	left-center-only
www.abqjournal.com/*	_cse_i0l4anspnui	mostly-center	center-only
www.mcclatchydc.com/*	_cse_i0l4anspnui	mostly-center	center-only
independentsentinel.com/*	_cse_i0l4anspnui	right-leaning	right-only
dcreport.org/*	_cse_i0l4anspnui	mostly-center	left-leaning	left-center-only
climatecentral.org/*	_cse_i0l4anspnui	pro-science-only
mlive.com/*	_cse_i0l4anspnui	mostly-center	center-only
adl.org/*	_cse_i0l4anspnui	mostly-center	left-leaning	left-center-only
www.lfpress.com/*	_cse_i0l4anspnui	mostly-center	right-leaning	right-center-only
villagevoice.com/*	_cse_i0l4anspnui	left-leaning	left-only
www.governing.com/*	_cse_i0l4anspnui	mostly-center	left-leaning	left-center-only
www.treehugger.com/*	_cse_i0l4anspnui	pro-science-only
toledoblade.com/*	_cse_i0l4anspnui	mostly-center	right-leaning	right-center-only
www.denverpost.com/*	_cse_i0l4anspnui	mostly-center	left-leaning	left-center-only
www.strategic-culture.org/*	_cse_i0l4anspnui	mostly-center	right-leaning	right-center-only
www.jstor.org/*	_cse_i0l4anspnui	pro-science-only
www.defconwarningsystem.com/*	_cse_i0l4anspnui	mostly-center	center-only
csicop.org/*	_cse_i0l4anspnui	pro-science-only
www.sctimes.com/*	_cse_i0l4anspnui	mostly-center	center-only
www.zmescience.com/*	_cse_i0l4anspnui	pro-science-only
transequality.org/*	_cse_i0l4anspnui	mostly-center	left-leaning	left-center-only
www.thelocal.no/*	_cse_i0l4anspnui	mostly-center	left-leaning	left-center-only
novinite.com/*	_cse_i0l4anspnui	mostly-center	center-only
www.vox.com/*	_cse_i0l4anspnui	left-leaning	left-only
dailypress.com/*	_cse_i0l4anspnui	mostly-center	right-leaning	right-center-only
poynter.org/*	_cse_i0l4anspnui	mostly-center	center-only
www.i24news.tv/*	_cse_i0l4anspnui	mostly-center	center-only
www.independent.co.uk/*	_cse_i0l4anspnui	mostly-center	left-leaning	left-center-only
chinadaily.com.cn/*	_cse_i0l4anspnui	mostly-center	center-only
www.latintimes.com/*	_cse_i0l4anspnui	mostly-center	left-leaning	left-center-only
stratfor.com/*	_cse_i0l4anspnui	mostly-center	center-only
factcheck.org/*	_cse_i0l4anspnui	mostly-center	center-only
www.emirates247.com/*	_cse_i0l4anspnui	mostly-center	left-leaning	left-center-only
www.kentucky.com/*	_cse_i0l4anspnui	mostly-center	left-leaning	left-center-only
www.amny.com/*	_cse_i0l4anspnui	mostly-center	left-leaning	left-center-only
conflict-news.com/*	_cse_i0l4anspnui	mostly-center	center-only
nationalmemo.com/*	_cse_i0l4anspnui	left-leaning	left-only
